"component","singular_value","squared_singular_value","explained_energy","cumulative_energy","next_gap","next_gap_ratio"
1,250.99059130489,62996.2769235784,0.218261142105334,0.218261142105334,154.54250061117,2.60233862069839
2,96.4480906937206,9302.23419846416,0.0322291468549973,0.250490288960332,13.9462829044137,1.16904214923423
3,82.5018077893069,6806.54828850374,0.0235824254351752,0.274072714395507,5.90738225610886,1.07712548550349
4,76.5944255331981,5866.70602276062,0.0203261846486156,0.294398899044122,5.73646053583417,1.08095717307218
5,70.8579649973639,5020.85120356765,0.017395579096857,0.311794478140979,7.98023546872381,1.12691672438791
6,62.8777295286401,3953.60887067682,0.0136979394607482,0.325492417601728,2.56244558065482,1.04248418332681
7,60.3152839479853,3637.93347772609,0.0126042292422291,0.338096646843957,7.50681841592333,1.14215179972169
8,52.8084655320619,2788.73403185097,0.00966203567169843,0.347758682515655,1.79529900072958,1.03519285554695
9,51.0131665313323,2602.34315955345,0.00901625330721014,0.356774935822865,2.03605013817554,1.04157145802198
10,48.9771163931568,2398.75793018883,0.00831089821565763,0.365085834038523,2.83908055635292,1.06153449111694
11,46.1380358368039,2128.7183508782,0.00737530090939965,0.372461134947922,1.98012427917649,1.0448418915055
12,44.1579115576274,1949.92115313124,0.0067558281009855,0.379216963048908,1.37565689447506,1.03215484796924
13,42.7822546631523,1830.32131406282,0.00634145444677169,0.38555841749568,1.48820635613001,1.0360392457786
14,41.2940483070223,1705.19842558269,0.00590794526373981,0.391466362759419,1.53021806521109,1.03848266265864
15,39.7638302418112,1581.16219549958,0.00547820099054694,0.396944563749966,0.732701623717716,1.01877223768974
16,39.0311286180935,1523.42900120216,0.00527817467883282,0.402222738428799,0.487492468918262,1.01264780694358
17,38.5436361491752,1485.61188760001,0.00514715096109875,0.407369889389898,0.564972367111174,1.01487604646528
18,37.9786637820641,1442.37890267107,0.00499736305095509,0.412367252440853,1.32587909539014,1.03617403443488
19,36.6527846866739,1343.42662528768,0.0046545263290037,0.417021778769857,0.430907408793225,1.01189633009597
20,36.2218772778807,1312.02439353385,0.00454572804278813,0.421567506812645,0.101017497282413,1.00279665262389
21,36.1208597805983,1304.71651128964,0.0045204086619789,0.426087915474624,0.247350415152304,1.00689507158702
22,35.873509365446,1286.90867419274,0.0044587104307023,0.430546625905326,0.464782919993738,1.01312622527415
23,35.4087264454523,1253.77790848887,0.00434392334939393,0.43489054925472,0.611315052677526,1.01756783129002
24,34.7974113927747,1210.85983963801,0.00419522651869538,0.439085775773415,0.201858102514642,1.00583479908013
25,34.5955532902601,1196.85230745923,0.00414669507968467,0.4432324708531,0.294930787630477,1.00859840918653
26,34.3006225026296,1176.5327040679,0.00407629441380567,0.447308765266906,0.155978246799798,1.00456816142617
27,34.1446442558298,1165.85673135717,0.00403930572001737,0.451348070986923,0.0926659314882414,1.00272130830713
28,34.0519783243416,1159.53722780143,0.00401741074255245,0.455365481729475,0.592271776841891,1.0177010451661
29,33.4597065474997,1119.55196224479,0.00387887509959115,0.459244356829067,0.322612742808367,1.00973569814872
30,33.1370938046913,1098.06698582091,0.00380443680384755,0.463048793632914,0.251685109729429,1.00765339765317
31,32.8854086949619,1081.45010503468,0.00374686483998322,0.466795658472897,0.315484047319366,1.00968636098279
32,32.5699246476425,1060.79999155311,0.00367531906659476,0.470470977539492,0.0700291577429653,1.00215475024419
33,32.4998954898996,1056.24320685439,0.00365953132355279,0.474130508863045,0.0153915864926475,1.00047381319224
34,32.4845039034069,1055.24299385046,0.00365606591824237,0.477786574781287,0.470631744667415,1.01470086912117
35,32.0138721587395,1024.88801059612,0.00355089599968165,0.481337470780969,0.236882804675226,1.00745453894439
36,31.7769893540643,1009.77705240831,0.00349854155663454,0.484836012337604,0.0859012370014334,1.00271058023265
37,31.6910881170628,1004.32506604344,0.00347965223763267,0.488315664575236,0.143285421039263,1.00454185105758
38,31.5478026960236,995.263854947232,0.00344825815564406,0.49176392273088,0.299284487235472,1.00957755773364
39,31.2485182087881,976.469890244962,0.00338314332027718,0.495147066051157,0.233066842149491,1.0075145397497
40,31.0154513666386,961.958223476325,0.00333286522262679,0.498479931273784,0.0306520543063442,1.00098926102433
41,30.9847993123323,960.057788425506,0.00332628084740741,0.501806212121192,0.245244199564606,1.00797813106484
42,30.7395551127677,944.92024853088,0.00327383430758929,0.505080046428781,0.0844489706827005,1.00275480927358
43,30.655106142085,939.735532582495,0.00325587099166573,0.508335917420447,0.304546843502603,1.01003430745729
44,30.3505592985824,921.156449736764,0.00319150065044543,0.511527418070892,0.162720971300818,1.00539028232286
45,30.1878383272815,911.305582874088,0.00315737067392661,0.514684788744819,0.128262131842146,1.00426693081127
46,30.0595761954394,903.578121049427,0.00313059758945573,0.517815386334274,0.0678265673159437,1.0022615075198
47,29.9917496281235,899.505045756043,0.00311648573858407,0.520931872072858,0.171140797878788,1.00573901085833
48,29.8206088302447,889.268711006466,0.00308102024407357,0.524012892316932,0.233060574806732,1.0078769816544
49,29.5875482554379,875.423011767868,0.00303304950236245,0.527045941819294,0.0485653184068262,1.00164410936254
50,29.5389829370311,872.551512954215,0.00302310071425577,0.53006904253355,0.227214024676719,1.00775163127671
51,29.3117689123544,859.179796771265,0.00297677216614904,0.533045814699699,0.0433823139616472,1.00148222430423
52,29.2683865983927,856.638454072976,0.00296796725914664,0.536013781958846,0.0441777904128102,1.00151168473724
53,29.2242088079799,854.054380452412,0.00295901430371416,0.53897279626256,0.0614376840016746,1.00210671625616
54,29.1627711239783,850.46721962954,0.00294658598483009,0.54191938224739,0.0419456312779793,1.00144039980214
55,29.1208254927003,848.022477376302,0.00293811576623301,0.544857498013623,0.206260992641624,1.00713346357477
56,28.9145645000586,836.052040228052,0.00289664218380771,0.547754140197431,0.212565138939198,1.00740593490595
57,28.7019993611195,823.804767325701,0.00285420945759144,0.550608349655022,0.143199957250776,1.00501421489138
58,28.5587994038687,815.60502339041,0.00282580007272479,0.553434149727747,0.184372406750356,1.00649783718167
59,28.3744269971183,805.108107414797,0.00278943175095555,0.556223581478703,0.0150893565830685,1.00053207718651
60,28.3593376405353,804.25203140988,0.00278646573239561,0.559010047211098,0.0615831507434095,1.00217625574374
61,28.2977544897918,800.762909164534,0.00277437708456745,0.561784424295666,0.236362710953252,1.00842305730293
62,28.0613917788386,787.44170856547,0.00272822355615349,0.564512647851819,0.028697772939644,1.00102372511659
63,28.0326940058989,785.831933228363,0.00272264622014622,0.567235294071965,0.160866990237803,1.00577167008634
64,27.8718270156611,776.838741190938,0.0026914878015679,0.569926781873533,0.120897744964452,1.0043565296061
65,27.7509292706967,770.11407538721,0.00266818907170202,0.572594970945235,0.154336147094007,1.00559257972181
66,27.5965931236027,761.571952029675,0.00263859345603918,0.575233564401274,0.18585996615251,1.00678055435748
67,27.4107331574502,751.348292228938,0.00260317187600974,0.577836736277284,0.018816269666889,1.00068692781684
68,27.3919168877833,750.317110787227,0.00259959917536492,0.580436335452649,0.0934334801180015,1.00342266193776
69,27.2984834076653,745.207196358577,0.00258189502182247,0.583018230474472,0.116849190177323,1.00429882873275
70,27.181634217488,738.841238733312,0.00255983909646089,0.585578069570933,0.0529220808350352,1.00195077748507
71,27.1287121366529,735.96702219338,0.00254988089233678,0.588127950463269,0.118510478742142,1.00438761917601
72,27.0102016579108,729.550993601007,0.00252765148773164,0.590655601951001,0.0158514029396066,1.00058721187174
73,26.9943502549712,728.694945688062,0.00252468556650104,0.593180287517502,0.150276599798485,1.00559812946905
74,26.8440736551727,720.604290404337,0.00249665413752074,0.595676941655023,0.121563819293186,1.00454911683221
75,26.7225098358795,714.092531928677,0.00247409306071718,0.59815103471574,0.284845904235166,1.01077424635443
76,26.4376639316443,698.950074162568,0.00242162948211043,0.60057266419785,0.0771550817499147,1.00292691928632
77,26.3605088498944,694.876426825362,0.00240751564929724,0.602980179847148,0.0368111839246481,1.0013984047527
78,26.3236976659698,692.937058809383,0.00240079638430569,0.605380976231453,0.08549262795513,1.00325832608714
79,26.2382050380146,688.443403616897,0.00238522736400106,0.607766203595454,0.167149956474333,1.00641132305354
80,26.0710550815403,679.699913064709,0.00235493407799905,0.610121137673453,0.086597691025986,1.00333267267138
81,25.9844573905143,675.192025879455,0.00233931574857413,0.612460453422027,0.134003694774069,1.00518380436766
82,25.8504536957403,668.245956275611,0.00231524992819689,0.614775703350224,0.0411601210581978,1.00159477906434
83,25.8092935746821,666.119634824125,0.00230788293174649,0.617083586281971,0.032124696065285,1.00124624609539
84,25.7771688786168,664.462435396729,0.00230214128704329,0.619385727569014,0.157740313682798,1.00615705823738
85,25.619428564934,656.355119993755,0.00227405213629224,0.621659779705306,0.0998817291246148,1.00391393035963
86,25.5195468358094,651.247270705068,0.00225635513777273,0.623916134843079,0.0366198326775091,1.00143703400606
87,25.4829270031319,649.379568646947,0.00224988417148353,0.626166019014563,0.0336433088446064,1.00132197468694
88,25.4492836942872,647.666040552315,0.00224394736668762,0.62840996638125,0.108667963604749,1.00428829215358
89,25.3406157306825,642.146805610113,0.00222482505373738,0.630634791434988,0.0363082971007387,1.0014348662652
90,25.3043074335818,640.307974693221,0.00221845411634776,0.632853245551335,0.0356769868325202,1.00141190821195
91,25.2686304467492,638.503684654383,0.00221220285160963,0.635065448402945,0.174816465804575,1.00696651636684
92,25.0938139809447,629.699500110254,0.00218169928111706,0.637247147684062,0.0667109809297948,1.00266554946171
93,25.0271030000149,626.355884573353,0.00217011476562688,0.639417262449689,0.103255526353852,1.00414284056516
94,24.923847473661,621.198172890319,0.00215224501049905,0.641569507460188,0.0234514975992433,1.00094181223551
95,24.9003959760618,620.029719764673,0.00214819670913658,0.643717704169325,0.0924453171709523,1.00372643909374
96,24.8079506588908,615.434415893962,0.00213227550997811,0.645849979679303,0.0439777758597018,1.00177587724181
97,24.7639728830311,613.254352951501,0.00212472231714006,0.647974701996443,0.155905043217185,1.00633552557771
98,24.6080678398139,605.557002808885,0.00209805355962999,0.650072755556073,0.0074070818658889,1.00030109280148
99,24.600660757948,605.192509727645,0.00209679071236209,0.652169546268435,0.208558676646064,1.00855025433851
100,24.392102081302,594.974643944657,0.00206138920667661,0.654230935475112,0.0573664490236752,1.002357389449
101,24.3347356322783,592.179358292876,0.00205170447182143,0.656282639946933,0.0983359900774907,1.0040573679065
102,24.2363996422008,587.403067616472,0.00203515621359145,0.658317796160524,0.0237165100280023,1.0009795077191
103,24.2126831321728,586.254024459006,0.00203117516131147,0.660348971321836,0.116411338171691,1.00483109333954
104,24.0962717940011,580.630314370374,0.00201169087673536,0.662360662198571,0.118308622763998,1.004934056405
105,23.9779631712371,574.942717841204,0.00199198524689637,0.664352647445468,0.0483950688096861,1.00202239625064
106,23.9295681024274,572.624229568713,0.00198395245634073,0.666336599901808,0.0300562537845472,1.00125760952671
107,23.8995118486429,571.186666603422,0.00197897177891065,0.668315571680719,0.0529570104075319,1.00222074051228
108,23.8465548382354,568.658177652966,0.00197021140586834,0.670285783086587,0.0720205164863295,1.00302931344571
109,23.774534321749,565.228482216023,0.00195832865216134,0.672244111738749,0.0601536574271755,1.00253658985569
110,23.7143806643219,562.371850292362,0.00194843137288261,0.674192543111631,0.0510721313686773,1.00215828362706
111,23.6633085329532,559.952170725735,0.00194004798815685,0.676132591099788,0.139897293320367,1.00594715162249
112,23.5234112396328,553.350876348883,0.00191717669924222,0.67804976779903,0.0209112280671526,1.00088974483808
113,23.5025000115657,552.367506793644,0.0019137696508781,0.679963537449908,0.15069256793516,1.00645314365061
114,23.3518074436305,545.306910884397,0.00188930703495294,0.681852844484861,0.0705320592477392,1.00302956165774
115,23.2812753843828,542.017783523467,0.00187791130286551,0.683730755787727,0.0512677055646265,1.00220696033654
116,23.2300076788181,539.63325675795,0.00186964971090106,0.685600405498628,0.0682517843029622,1.00294674482426
117,23.1617558945152,536.466936117108,0.00185867946324372,0.687459084961872,0.0525877676189417,1.00227562356768
118,23.1091681268962,534.033651517157,0.00185024894160358,0.689309333903475,0.0544818881734166,1.00236315895212
119,23.0546862387228,531.518557565955,0.00184153497777747,0.691150868881253,0.0221310032018955,1.00096085748957
120,23.0325552355209,530.498600677322,0.00183800116647492,0.692988870047728,0.181047240724197,1.00792276994435
121,22.8515079947967,522.191417636259,0.00180921954084932,0.694798089588577,0.0146869849848557,1.00064312738531
122,22.8368210098119,521.520393834185,0.00180689466660956,0.696604984255186,0.0615457581967149,1.00270230579068
123,22.7752752516152,518.713162786834,0.0017971685449327,0.698402152800119,0.0563439961552241,1.00248004606914
124,22.7189312554599,516.149837390314,0.00178828747519407,0.700190440275313,0.121573482773876,1.0053799866337
125,22.5973577726861,510.640578306775,0.00176919972527535,0.701959640000589,0.0277980174702641,1.0012316597121
126,22.5695597552158,509.385027544256,0.00176484965957654,0.703724489660165,0.0551361065612852,1.00244892373981
127,22.5144236486545,506.899272231093,0.00175623734437093,0.705480727004536,0.019901324330462,1.00088471869033
128,22.494522324324,506.003534599513,0.00175313391146913,0.707233860916005,0.185840931905165,1.00833043103876
129,22.3086813924189,497.677265468456,0.00172428615889122,0.708958147074896,0.0316538313431955,1.00142091808507
130,22.2770275610757,496.265956956925,0.00171939644440916,0.710677543519306,0.0479038841014479,1.00215500551428
131,22.2291236769742,494.133939446216,0.0017120097130085,0.712389553232314,0.0490733888460113,1.00221250124362
132,22.1800502881282,491.954630783897,0.0017044591335002,0.714094012365814,0.0996155612161225,1.00451148550507
133,22.0804347269121,487.545597729426,0.00168918330075192,0.715783195666566,0.0459528274572492,1.0020854961631
134,22.0344818994548,485.518392577403,0.00168215970930542,0.717465355375872,0.0762693956121758,1.00347338817305
135,21.9582125038427,482.163096363913,0.00167053472415674,0.719135890100028,0.0317203650356852,1.00144666847916
136,21.926492138807,480.771057513165,0.00166571177263871,0.720801601872667,0.0736030430838781,1.00336811497837
137,21.8528890957231,477.548761829974,0.00165454759008126,0.722456149462748,0.0752395857898129,1.00345489928817
138,21.7776495099333,474.266018177498,0.00164317397541991,0.724099323438168,0.0089273231513296,1.00041009863026
139,21.768722186782,473.877265645294,0.00164182707722499,0.725741150515393,0.0894280483985419,1.00412504428547
140,21.6792941383834,469.991794338546,0.00162836521175543,0.727369515727149,0.0432827011927515,1.00200049354376
141,21.6360114371907,468.116990910246,0.00162186964158102,0.72899138536873,0.0783514757850412,1.00363450745235
142,21.5576599614056,464.732703011592,0.00161014420988813,0.730601529578618,0.0284680958959349,1.00132230211305
143,21.5291918655097,463.506102381929,0.00160589444676861,0.732207424025387,0.0315329479954691,1.00146680846117
144,21.4976589175142,462.149338933779,0.00160119371278524,0.733808617738172,0.0942096004170025,1.00440160831188
145,21.4034493170972,458.10764266955,0.00158719057981052,0.735395808317982,0.0323934950630473,1.00151576484254
146,21.3710558220342,456.722026948501,0.00158238988230006,0.736978198200282,0.0824418733309038,1.00387258059776
147,21.2886139487033,453.205083856924,0.00157020484449507,0.738548403044777,0.00974047977512171,1.00045775354552
148,21.2788734689282,452.790456106655,0.00156876829727765,0.740117171342055,0.117388738242198,1.00554728270422
149,21.161484730686,447.808436007055,0.00155150725503782,0.741668678597093,0.051982319169138,1.00246250802865
150,21.1095024115168,445.611092061834,0.0015438941892742,0.743212572786367,0.0523352148689611,1.00248538724987
151,21.0571671966479,443.404290347583,0.00153624835548728,0.744748821141854,0.0483458555254934,1.00230121693838
152,21.0088213411224,441.370574143198,0.00152920220541042,0.746278023347265,0.0357390897243093,1.001704045657
153,20.9730822513981,439.870179123908,0.00152400383581603,0.747802027183081,0.060912921477275,1.00291279783155
154,20.9121693299208,437.318826083279,0.00151516424630763,0.749317191429389,0.0863675049735804,1.00414713948109
155,20.8258018249472,433.714021651974,0.00150267479818997,0.750819866227579,0.0527672932583272,1.00254018223374
156,20.7730345316889,431.518963654738,0.00149506965247564,0.752314935880054,0.0175947646712089,1.00084771823044
157,20.7554397670177,430.788279922298,0.00149253807642467,0.753807473956479,0.0546861818771944,1.00264174836207
158,20.7007535851405,428.521198992706,0.00148468339521012,0.755292157351689,0.0461103570353423,1.00223244509848
159,20.6546432281051,426.614286880309,0.00147807657912714,0.756770233930816,0.0866854437262781,1.00421458681679
160,20.5679577843788,423.04088741999,0.00146569593878623,0.758235929869602,0.0454067627758938,1.00221253014443
161,20.522551021603,421.175100434296,0.00145923160758588,0.759695161477188,0.040561542551707,1.00198035169353
162,20.4819894790512,419.511893019966,0.00145346914720667,0.761148630624395,0.0500683877850285,1.00245049829438
163,20.4319210912662,417.463399479729,0.00144637179857716,0.762595002422972,0.0274601206179277,1.00134579005333
164,20.4044609706483,416.342027502709,0.00144248661773185,0.764037489040704,0.0423628819940554,1.00208047725778
165,20.3620980886542,414.615038571977,0.00143650317561698,0.765473992216321,0.0599485028249482,1.0029528155416
166,20.3021495858293,412.177277805388,0.00142805714554856,0.766902049361869,0.105595792957079,1.00522840649152
167,20.1965537928722,407.900785108381,0.00141324052104571,0.768315289882915,0.0264031417043782,1.00130902055027
168,20.1701506511678,406.834977290806,0.00140954785152794,0.769724837734443,0.0507976788572471,1.00252481672384
169,20.1193529723106,404.788364024423,0.00140245701742181,0.771127294751865,0.014948027928142,1.000743520038
170,20.1044049443824,404.187098167709,0.00140037383125584,0.772527668583121,0.0437013640342663,1.00217845619717
171,20.0607035803482,402.431828138594,0.00139429240454354,0.773921960987664,0.0727595759026514,1.00364017309066
172,19.9879440044455,399.51790552485,0.00138419663208299,0.775306157619747,0.0444381714433142,1.00222820259464
173,19.9435058330022,397.743424910993,0.0013780486470855,0.776684206266833,0.0484470988416703,1.00243513223505
174,19.8950587341605,395.813362035698,0.00137136162131081,0.778055567888143,0.0288891755481657,1.00145418951867
175,19.8661695586124,394.664692931537,0.0013673818650011,0.779422949753145,0.0347403545177798,1.00175178269606
176,19.8314292040946,393.285584277016,0.0013626037123114,0.780785553465456,0.0404333864129853,1.00204301929956
177,19.7909958176816,391.683515455491,0.00135705307681684,0.782142606542273,0.0587008056453691,1.00297485951885
178,19.7322950120362,389.36346644203,0.00134901487881297,0.783491621421086,0.0369702741141005,1.00187710914169
179,19.6953247379221,387.905816532208,0.00134396460680256,0.784835586027888,0.063928745165768,1.0032564543647
180,19.6313959927564,385.391708624411,0.00133525405928881,0.786170840087177,0.0813036161658509,1.00415873309444
181,19.5500923765905,382.206111933223,0.00132421702652973,0.787495057113707,0.038458484475008,1.00197105402283
182,19.5116338921155,380.703857139951,0.0013190122134372,0.788814069327144,0.0253196753212706,1.00129935682241
183,19.4863142167942,379.716441755637,0.00131559114762129,0.790129660474765,0.00752444528692919,1.00038628915734
184,19.4787897715073,379.423250962578,0.00131457533906128,0.791444235813827,0.0299735677755386,1.00154115126913
185,19.4488162037318,378.25645172654,0.00131053276787609,0.792754768581703,0.0439160485965004,1.00226314220869
186,19.4049001551353,376.550150030769,0.00130462100014818,0.794059389581851,0.057199864254752,1.00295641670042
187,19.3477002908805,374.333506545738,0.00129694106789964,0.795356330649751,0.0721196882532844,1.00374150536578
188,19.2755806026272,371.548007568379,0.00128729024061553,0.796643620890366,0.0580007528098108,1.00301810910963
189,19.2175798498174,369.315375284109,0.00127955491249674,0.797923175802863,0.0146375742347438,1.00076225684714
190,19.2029422755827,368.752992039361,0.00127760644164586,0.799200782244509,0.0267108787555337,1.00139291595949
191,19.1762313968271,367.727850584659,0.00127405466754667,0.800474836912056,0.0632356463097068,1.00330851568928
192,19.1129957505174,365.306606559298,0.00126566586249185,0.801740502774547,0.0349832561960355,1.00183369500394
193,19.0780124943214,363.970560733484,0.0012610369081776,0.803001539682725,0.0511514382017744,1.00268838028779
194,19.0268610561196,362.021441648882,0.00125428385897724,0.804255823541702,0.0839763254566606,1.00443313289663
195,18.942884730663,358.832881919184,0.00124323656027546,0.805499060101978,0.033464724913145,1.00176973830519
196,18.9094200057498,357.566164953852,0.00123884780739863,0.806737907909376,0.0995114735313471,1.00529037519565
197,18.8099085322185,353.812658990426,0.0012258431579418,0.807963751067318,0.0232875799105088,1.00123958321029
198,18.786620952308,352.937126805697,0.00122280973019145,0.80918656079751,0.0061609673152283,1.00032805199234
199,18.7804599849927,352.705677247914,0.00122200783447175,0.810408568631981,0.0376503725472688,1.0020087902148
200,18.7428096124455,351.292912168378,0.00121711307346612,0.811625681705447,0.037981302783404,1.00203056142268
201,18.7048283096621,349.870602093936,0.00121218524222853,0.812837866947676,0.0495148127657004,1.00265419355048
202,18.6553134968964,348.020721667484,0.0012057760219642,0.81404364296964,0.0447337255527671,1.0024036717879
203,18.6105797713436,346.353679425544,0.00120000027518309,0.815243643244823,0.0390813820046993,1.00210437419671
204,18.5714983893389,344.900552425217,0.0011949656735494,0.816438608918373,0.022462664411119,1.00121098825536
205,18.5490357249278,344.066726324647,0.00119207674350599,0.817630685661879,0.030522834625522,1.00164823357072
206,18.5185128903023,342.935319668291,0.00118815679583509,0.818818842457714,0.0897876324659812,1.00487215644109
207,18.4287252578363,339.617914628813,0.00117666309099884,0.819995505548713,0.00940425224909092,1.00051056454504
208,18.4193210055872,339.271386306866,0.00117546248564542,0.821170968034358,0.0572483716430483,1.00311775107224
209,18.3620726339441,337.16571141424,0.00116816702265283,0.822339135057011,0.0243842957890514,1.00132973662434
210,18.3376883381551,336.270813587309,0.00116506649939475,0.823504201556406,0.036211456306976,1.00197860842274
211,18.3014768818481,334.944056056821,0.0011604697259338,0.824664671282339,0.075391195977712,1.00413644472418
212,18.2260856858704,332.19019942869,0.00115092852886307,0.825815599811202,0.0502523053162598,1.00276478686089
213,18.1758333805541,330.360919077666,0.00114459068100692,0.826960190492209,0.0557032308674223,1.00307410765857
214,18.1201301496867,328.339116641586,0.00113758580817379,0.828097776300383,0.0666344083495751,1.00369094214795
215,18.0534957413371,325.928708482478,0.0011292345457907,0.829227010846174,0.00952836730942153,1.00052806387375
216,18.0439673740277,325.584758594977,0.00112804287385485,0.830355053720029,0.0489275285098145,1.00271894527213
217,17.9950398455179,323.821459041777,0.00112193362751284,0.831476987347542,0.0350961547676469,1.00195413501133
218,17.9599436907503,322.55957737492,0.00111756162733664,0.832594548974878,0.0521815027145252,1.0029139041588
219,17.9077621880357,320.687946583242,0.00111107704929266,0.833705626024171,0.0182316100362065,1.00101912176827
220,17.8895305779995,320.03530430118,0.00110881586090463,0.834814441885076,0.037885779946869,1.00212225710154
221,17.8516447980527,318.681221995841,0.00110412441618915,0.835918566301265,0.0767217877794941,1.00431629367594
222,17.7749230102732,315.947888021139,0.00109465432328512,0.83701322062455,0.0195121705179027,1.00109894221508
223,17.7554108397553,315.254614088499,0.00109225235974507,0.838105472984295,0.0700784316680867,1.00396251707636
224,17.6853324080872,312.770982384539,0.00108364740213887,0.839189120386434,0.00186829954750323,1.00010565235047
225,17.6834641085397,312.704902878011,0.00108341845863191,0.840272538845066,0.0514867979690692,1.00292008077496
226,17.6319773105706,310.886623880477,0.0010771187268057,0.841349657571871,0.0250555747335426,1.00142305254203
227,17.6069217358371,310.003693011892,0.00107405966507716,0.842423717236949,0.0337480128150851,1.00192042788326
228,17.573173723022,308.81643469951,0.00106994620999872,0.843493663446947,0.023074321151455,1.00131476868724
229,17.5500994018705,308.005989015536,0.00106713828532068,0.844560801732268,0.061687181125329,1.00352731742291
230,17.4884122207452,305.84456200271,0.00105964965977906,0.845620451392047,0.0921592493851051,1.00529764941547
231,17.3962529713601,302.629617443555,0.00104851094642084,0.846668962338468,0.0336164467749072,1.00193613721783
232,17.3626365245852,301.461147084859,0.00104446258535159,0.847713424923819,0.0113999015532649,1.00065700801625
233,17.3512366230319,301.065412348444,0.0010430914961419,0.848756516419961,0.0390328646885401,1.00225464448278
234,17.3122037583434,299.712398970399,0.00103840375490389,0.849794920174865,0.0460262717555651,1.00266568971571
235,17.2661774865878,298.120884998352,0.0010328896884514,0.850827809863317,0.0573504080264122,1.00333261574218
236,17.2088270785614,296.143729419828,0.00102603950212671,0.851853849365443,0.0265741902637515,1.00154660686445
237,17.1822528882976,295.229814317413,0.0010228730903357,0.852876722455779,0.0433568487246667,1.00252973404031
238,17.138896039573,293.74175745529,0.00101771746835127,0.85389443992413,0.0282763724505095,1.00165256273593
239,17.1106196671225,292.773305392918,0.00101436210413722,0.854908802028267,0.0651715007734559,1.00382339614291
240,17.045448166349,290.547303191691,0.0010066497470505,0.855915451775318,0.0168635251926652,1.0009903069191
241,17.0285846411563,289.972694881026,0.00100465892041322,0.856920110695731,0.0620111265727559,1.0036548998252
242,16.9665735145836,287.86461682577,0.000997355131261588,0.857917465826993,0.0449336424684006,1.00265539526949
243,16.9216398721152,286.341895961559,0.000992079410041849,0.858909545237035,0.0273234656613752,1.0016173170316
244,16.8943164064538,285.417926841375,0.000988878164424016,0.859898423401459,0.0217897074777191,1.00129143120449
245,16.8725266989761,284.682157207661,0.000986328967417095,0.860884752368876,0.0755503952791976,1.00449785687098
246,16.7969763036969,282.138412946955,0.000977515739799865,0.861862268108676,0.0317437535967642,1.00189342757411
247,16.7652325501001,281.073022458937,0.000973824516190173,0.862836092624866,0.065907274313961,1.00394670282934
248,16.6993252757862,278.867464666511,0.000966182992178552,0.863802275617044,0.042049166990175,1.00252437233528
249,16.657276108796,277.464847364666,0.000961323389846675,0.864763599006891,0.0514580461650702,1.00309879621534
250,16.6058180626309,275.7531935292,0.000955393078735257,0.865718992085626,0.0808282379956111,1.00489127308721
251,16.5249898246353,273.075288704301,0.00094611502939528,0.866665107115022,0.0118234897424756,1.00071600379374
252,16.5131663348928,272.684662403838,0.000944761639216703,0.867609868754238,0.0128185640761167,1.00077686629725
253,16.5003477708167,272.261476557897,0.000943295441044863,0.868553164195283,0.0438446795553489,1.00266427680973
254,16.4565030912614,270.816493992695,0.00093828905716942,0.869491453252453,0.0697204936670701,1.00425467862601
255,16.3867825975943,268.52664390082,0.000930355488382346,0.870421808740835,0.0233877374369129,1.00142927171512
256,16.3633948601574,267.760691349425,0.000927701717606835,0.871349510458442,0.0295810726197203,1.00181103280621
257,16.3338137875377,266.793472845956,0.000924350627264007,0.872273861085706,0.0187992873571261,1.00115226911732
258,16.3150145001805,266.179698141102,0.000922224102100634,0.873196085187806,0.0522365367973059,1.00321203037482
259,16.2627779633832,264.477947086304,0.000916328100829801,0.874112413288636,0.052005651052955,1.00320809212855
260,16.2107723123303,262.789138962214,0.000910476942508053,0.875022890231144,0.0331458829924927,1.00204887182537
261,16.1776264293378,261.715596887209,0.000906757476361299,0.875929647707505,0.0183358050055524,1.00113469120841
262,16.1592906243322,261.122673481632,0.000904703194013166,0.876834350901519,0.00834048918570574,1.00051640857757
263,16.1509501351465,260.85319026799,0.00090376952432886,0.877738120425848,0.0440733681374823,1.00273630752721
264,16.1068767670091,259.431479187616,0.000898843768406448,0.878636964194254,0.0197129674396628,1.0012253848898
265,16.0871637995694,258.796839114176,0.000896644951682359,0.879533609145936,0.0489882087397504,1.00305447514665
266,16.0381755908296,257.223076282284,0.000891192387025111,0.880424801532961,0.0359598682416795,1.00224718056956
267,16.002215722588,256.070908032241,0.000887200507339002,0.8813120020403,0.0144033478409167,1.00090089547609
268,15.987812374747,255.610144530115,0.000885604115089717,0.88219760615539,0.0509928516879761,1.00319968809424
269,15.9368195230591,253.982216510557,0.000879963886076738,0.883077570041467,0.0596871675442046,1.00375931662014
270,15.8771323555149,252.083331834537,0.000873384882390264,0.883950954923857,0.0159270876092563,1.00100415367812
271,15.8612052679056,251.577832550637,0.000871633495539715,0.884822588419397,0.0628427778963871,1.00397780326512
272,15.7983624900092,249.58825736573,0.000864740279410627,0.885687328698808,0.0386389852873119,1.0024517552783
273,15.7597235047219,248.368884945284,0.000860515559631374,0.886547844258439,0.0198040359157083,1.00125820439901
274,15.7399194688062,247.745064884505,0.000858354230651581,0.887406198489091,0.0270771049768896,1.00172324677801
275,15.7128423638293,246.893415150549,0.000855403547648008,0.888261602036739,0.0367855504641597,1.00234660737085
276,15.6760568133652,245.738757215852,0.000851403042032832,0.889113005078771,0.0113573439975312,1.0007250278896
277,15.6646994693676,245.382809465606,0.000850169801493986,0.889963174880265,0.0469062390415793,1.00300338455951
278,15.617793230326,243.915465385218,0.00084508594240759,0.890808260822673,0.0711297636378436,1.00457524302821
279,15.5466634666882,241.698744946457,0.000837405743539981,0.891645666566213,0.022365207999,1.00144065822663
280,15.5242982586892,241.00383642474,0.000834998116692561,0.892480664682906,0.0500259099188849,1.00323284409059
281,15.4742723487703,239.453104723917,0.000829625347242532,0.893310290030148,0.0407097824799809,1.00263774370338
282,15.4335625662903,238.194853487598,0.000825265925300381,0.894135555955448,0.0138841885073688,1.00090042011041
283,15.419678377783,237.766481274267,0.000823781758090925,0.894959337713539,0.0387532606395009,1.00251956630335
284,15.3809251171435,236.572857459175,0.000819646248663244,0.895778983962203,0.0289401712659565,1.00188510940885
285,15.3519849458775,235.68344177845,0.000816564719217989,0.896595548681421,0.00690136216583781,1.00044974418863
286,15.3450835837117,235.471590191097,0.000815830723946039,0.897411379405367,0.0691273367669965,1.00452523793925
287,15.2759562469447,233.354839258568,0.000808496886159929,0.898219876291527,0.0229865221022081,1.00150701945371
288,15.2529697248425,232.653085426961,0.00080606554259102,0.899025941834118,0.0285118004262674,1.00187276292974
289,15.2244579244162,231.784119092319,0.000803054863326909,0.899828996697445,0.0288884093679282,1.00190110738129
290,15.1955695150483,230.905332886664,0.000800010161476587,0.900629006858921,0.0825131307706588,1.00545972493403
291,15.1130563842776,228.404473274354,0.000791345514899297,0.90142035237382,0.00870066490949561,1.00057603681158
292,15.1043557193681,228.141561697208,0.000790434613749215,0.90221078698757,0.0459096480185917,1.00304876398276
293,15.0584460713495,226.756798083742,0.000785636868508052,0.902996423856078,0.0277211208618837,1.0018442969952
294,15.0307249504876,225.922692537212,0.000782746970277352,0.903779170826355,0.0305598626773254,1.00203730175624
295,15.0001650878103,225.004952661563,0.000779567306919507,0.904558738133275,0.0493287554871245,1.00329939773205
296,14.9508363323232,223.527507035915,0.00077444844933934,0.905333186582614,0.0611797883661698,1.00410887841406
297,14.889656543957,221.701871997002,0.000768123231276945,0.906101309813891,0.0195595551706038,1.00131536164057
298,14.8700969887864,221.119784455915,0.000766106491594422,0.906867416305485,0.0155116993616708,1.00104423644682
299,14.8545852894247,220.658704120794,0.000764509001624216,0.90763192530711,0.0573942599861148,1.00387872670373
300,14.7971910294386,218.956862361699,0.000758612686093169,0.908390537993203,0.0223786705936053,1.00151465007136
301,14.774812358845,218.29508023908,0.00075631983119822,0.909146857824401,0.0140849718148779,1.00095421935827
302,14.7607273870301,217.879072994222,0.000754878504490978,0.909901736328892,0.0227260707618715,1.00154200493501
303,14.7380013162683,217.208682798325,0.000752555825485835,0.910654292154378,0.0489093506636831,1.00332963744649
304,14.6890919656046,215.769422773989,0.00074756926831073,0.911401861422688,0.043998905553055,1.00300434455231
305,14.6450930600515,214.47875073757,0.000743097519081897,0.91214495894177,0.0152779794164015,1.00104430434234
306,14.6298150806351,214.031489293579,0.000741547906972225,0.912886506848743,0.0168547083922874,1.00115340820497
307,14.6129603722428,213.53861084074,0.000739840247102637,0.913626347095845,0.0379297799733571,1.00260238081376
308,14.5750305922695,212.431516765592,0.000736004534437378,0.914362351630282,0.05359680249882,1.00369087538288
309,14.5214337897707,210.872039310693,0.000730601463858993,0.915092953094141,0.00874095077014481,1.00060229695944
310,14.5126928390005,210.618253439177,0.000729722180243002,0.915822675274384,0.0493933946071063,1.00341508483573
311,14.4632994443934,209.187030818191,0.000724763469996643,0.916547438744381,0.0224404809190535,1.00155395748797
312,14.4408589634744,208.538407602958,0.000722516206338117,0.917269954950719,0.0194170868070014,1.00134640398464
313,14.4214418766674,207.977985802095,0.00072057453123777,0.917990529481957,0.0930947651761134,1.00649724385177
314,14.3283471114913,205.30153094738,0.000711301505562107,0.918701830987519,0.0273649827717666,1.0019135037388
315,14.3009821287195,204.518089845954,0.000708587142778782,0.919410418130298,0.0214839891449934,1.00150453390833
316,14.2794981395745,203.904067118111,0.000706459758298264,0.920116877888596,0.025583509227646,1.00179484091852
317,14.2539146303468,203.174082289216,0.000703930603715564,0.920820808492312,0.0663522482713415,1.00467678988712
318,14.1875623820755,201.286926345284,0.000697392236183891,0.921518200728496,0.0439728997834319,1.0031090339435
319,14.1435894822921,200.041123443603,0.000693075943579982,0.922211276672076,0.0275008225741473,1.00194818998641
320,14.1160886597179,199.263959049017,0.000690383327497738,0.922901659999573,0.0296543899658168,1.00210517363003
321,14.0864342697521,198.427630436047,0.000687485727081387,0.923589145726655,0.0311566796126783,1.00221672460134
322,14.0552775901394,197.550828135876,0.000684447898803566,0.924273593625458,0.0112384803528158,1.00080023134833
323,14.0440391097866,197.235034517216,0.000683353778972297,0.924956947404431,0.05632909646501,1.00402704205416
324,13.9877100133216,195.656031416777,0.000677883058527854,0.925634830462959,0.0434996687656071,1.00311955052963
325,13.944210344556,194.441002133222,0.000673673386273066,0.926308503849232,0.00408995334827189,1.00029339440647
326,13.9401203912077,194.326956521365,0.000673278256168374,0.9269817821054,0.0269019591908872,1.00193355400279
327,13.9132184320168,193.577647137013,0.000670682148429858,0.92765246425383,0.0721583511717494,1.00521335437823
328,13.8410600808451,191.574944161563,0.000663743448873857,0.928316207702704,0.0423987264492727,1.00307266954093
329,13.7986613543958,190.403055173297,0.000659683243390442,0.928975890946094,0.0432880609597923,1.00314699281774
330,13.755373293436,189.210294441773,0.0006555507242602,0.929631441670354,0.0123641630688009,1.00089966927559
331,13.7430091303672,188.870299957357,0.000654372756480164,0.930285814426835,0.0378555662014843,1.00276214097305
332,13.7051535641657,187.831234217365,0.000650772739364735,0.930936587166199,0.0283491360758585,1.00207278946079
333,13.6768044280899,187.054979364219,0.000648083274540997,0.93158467044074,0.0264929585250169,1.00194083179597
334,13.6503114695649,186.331003216134,0.000645574938038354,0.932230245378779,0.0225162807108603,1.00165223210349
335,13.627795188854,185.716801709352,0.000643446934148289,0.932873692312927,0.0765915174298986,1.00565200843313
336,13.5512036714241,183.635120944418,0.000636234602825846,0.933509926915753,0.0146899504237457,1.00108520928849
337,13.5365137210004,183.237203718831,0.000634855952017237,0.93414478286777,0.0371865069167487,1.00275469335079
338,13.4993272140836,182.231835232898,0.00063137268467681,0.934776155552447,0.0397957434403757,1.00295669604304
339,13.4595314706432,181.158987409236,0.000627655623879997,0.935403811176327,0.0269347464510261,1.00200517792681
340,13.4325967241922,180.434654754779,0.000625146052201378,0.936028957228529,0.0292134905481642,1.00217956093912
341,13.403383233644,179.65068210793,0.000622429847789994,0.936651387076319,0.0737076627196771,1.00552959164891
342,13.3296755709244,177.680250826098,0.000615602958916314,0.937266990035235,0.0208223933939369,1.00156455204037
343,13.3088531775304,177.125572901062,0.00061368118443485,0.93788067121967,0.0101003545128631,1.00075949637137
344,13.2987528230176,176.856826647718,0.000612750068072806,0.938493421287742,0.0396821747874174,1.00299283229121
345,13.2590706482301,175.802954454758,0.000609098751523616,0.939102520039266,0.0203511732410018,1.00153724635373
346,13.2387194749891,175.263693337457,0.00060723039115213,0.939709750430418,0.0571323962595223,1.00433425777323
347,13.1815870787296,173.754237914132,0.000602000630271948,0.94031175106069,0.0344018986470811,1.00261667407706
348,13.1471851800825,172.848478159382,0.000598862474047501,0.940910613534738,0.0195866355575607,1.00149201969356
349,13.127598544525,172.333843546214,0.000597079436320158,0.941507692971058,0.0172672962906155,1.00131707551576
350,13.1103312482344,171.88078543843,0.00059550974069886,0.942103202711757,0.0277722228091708,1.00212284330269
351,13.0825590254252,171.153350653734,0.000592989421170969,0.942696192132928,0.0478354236471219,1.00366984564526
352,13.0347236017781,169.90401937475,0.000588660903913517,0.943284853036841,0.0846943571844907,1.0065400900326
353,12.9500292445936,167.703257435829,0.000581035995938818,0.94386588903278,0.00688091795113444,1.00053162629196
354,12.9431483266424,167.525088605467,0.00058041870021435,0.944446307732994,0.0168261997301862,1.001301700481
355,12.9263221269123,167.089803728702,0.000578910582925779,0.94502521831592,0.0172159254388298,1.00133362644711
356,12.9091062014734,166.64502292092,0.000577369565395318,0.945602587881315,0.0357647968725328,1.00277820619748
357,12.8733414046009,165.722918919412,0.000574174781793215,0.946176762663109,0.0308767912513481,1.00240427302554
358,12.8424646133496,164.928897345135,0.000571423761191345,0.9467481864243,0.0484900477025647,1.00379006910275
359,12.793974565647,163.685785186422,0.00056711679111667,0.947315303215417,0.0139721840581171,1.00109328493383
360,12.7800023815889,163.328460873417,0.000565878781245816,0.947881181996662,0.0539698270627564,1.00424089965443
361,12.7260325545261,161.951904578858,0.000561109471634278,0.948442291468297,0.0236833726236352,1.00186448760654
362,12.7023491819025,161.349674738979,0.000559022945587326,0.949001314413884,0.0563393418052112,1.00445510817385
363,12.6460098400973,159.921564875837,0.000554075020011354,0.949555389433895,0.0223688502724624,1.00177198086436
364,12.6236409898248,159.356311839985,0.000552116606289012,0.950107506040184,0.0184700905131567,1.00146527886537
365,12.6051708993116,158.890333400853,0.000550502146017896,0.950658008186202,0.0116362511563217,1.00092398611521
366,12.5935346481553,158.597114934289,0.000549486241578394,0.951207494427781,0.0281927016305978,1.00224368757735
367,12.5653419465247,157.887818233094,0.000547028764475705,0.951754523192256,0.0658769268841972,1.00527037971471
368,12.4994650196405,156.236625777217,0.000541307931930434,0.952295831124187,0.0177557111090607,1.00142253842564
369,12.4817093085315,155.793067262681,0.000539771149239441,0.952835602273426,0.0670115737069228,1.00539776119711
370,12.4146977348245,154.124719847058,0.000533990880465713,0.953369593153892,0.00999263686711771,1.00080555215043
371,12.4047050979574,153.876708567291,0.000533131603889058,0.953902724757781,0.0766472559869165,1.00621730178179
372,12.3280578419705,151.981010154971,0.000526563639546304,0.954429288397327,0.0140034435220251,1.00113719194905
373,12.3140543984485,151.635935727949,0.000525368071455121,0.954954656468782,0.0670743214224085,1.00547680497564
374,12.2469800770261,149.988521007074,0.000519660327504864,0.955474316796287,0.0347753125861665,1.00284758675906
375,12.2122047644399,149.137945208609,0.000516713365330491,0.955991030161618,0.0256997070314036,1.00210886607032
376,12.1865050574085,148.510905514243,0.000514540881391422,0.956505571043009,0.0551918327706069,1.00454953488947
377,12.1313132246379,147.168760554274,0.000509890795606367,0.957015461838616,0.0644382342522096,1.00534009296554
378,12.0668749903857,145.609472033596,0.000504488379622198,0.957519950218238,0.00238499465040043,1.00019768715058
379,12.0644899957353,145.551918857197,0.000504288977012615,0.95802423919525,0.01974281315991,1.00163912225476
380,12.0447471825754,145.075934692158,0.000502639850229907,0.95852687904548,0.0341652972270836,1.00284459966663
381,12.0105818853483,144.254077224657,0.000499792387518386,0.959026671432999,0.0233414994981782,1.00194719541336
382,11.9872403858501,143.693932068156,0.000497851670898722,0.959524523103897,0.00685652582551555,1.00057231269929
383,11.9803838600246,143.529597433538,0.000497282306060182,0.960021805409958,0.0768045152146062,1.00645222020955
384,11.90357934481,141.695201218187,0.000490926733436074,0.960512732143394,0.0329968467574826,1.00277971588697
385,11.8705824980525,140.910728843071,0.000488208797632492,0.961000940941026,0.0487269688672747,1.00412176994948
386,11.8218555291852,139.756268152928,0.000484208975404076,0.96148514991643,0.00651201947733249,1.00055114939925
387,11.8153435097079,139.602342252397,0.000483675673366399,0.961968825589797,0.0348701626363148,1.00295999673434
388,11.7804733470716,138.779552281064,0.000480824979839324,0.962449650569636,0.0290496564163796,1.00247201166268
389,11.7514236906552,138.095958757293,0.000478456555695541,0.962928107125332,0.0569863821374259,1.00487294776431
390,11.6944373085178,136.759863962853,0.000473827431721291,0.963401934557053,0.0466356976392408,1.00400381970755
391,11.6478016108785,135.671282366385,0.000470055858635978,0.963871990415689,0.0229555931964871,1.00197470084004
392,11.6248460176821,135.137044934818,0.000468204903664296,0.964340195319353,0.0252512297500047,1.00217690619471
393,11.5995947879321,134.550599244221,0.000466173064443576,0.964806368383797,0.0206731214799465,1.0017854099091
394,11.5789216664521,134.071426957834,0.000464512891881017,0.965270881275678,0.0527002038309323,1.00457220121979
395,11.5262214626212,132.853781205389,0.000460294154431965,0.96573117543011,0.0302865010745403,1.00263454005053
396,11.4959349615466,132.15652064011,0.000457878378536075,0.966189053808646,0.0279362289280662,1.00243601604599
397,11.4679987326186,131.514994931341,0.000455655705376267,0.966644709514022,0.0682507926618783,1.00598704401372
398,11.3997479399567,129.954253094547,0.000450248254135243,0.967094957768157,0.0217031980147553,1.00190746288198
399,11.3780447419419,129.459902149633,0.00044853549257048,0.967543493260728,0.0224991041723683,1.00198133184349
400,11.3555456377696,128.948416731467,0.000446763365756155,0.967990256626484,0.0793908238199315,1.00704059363585
401,11.2761548139496,127.15166738816,0.000440538227019415,0.968430794853503,0.0137997163496593,1.0012252957956
402,11.2623550976,126.840642344436,0.000439460628713903,0.968870255482217,0.0323831457168815,1.00288363549398
403,11.2299719518831,126.112270040081,0.000436937060992285,0.969307192543209,0.0262955904668409,1.00234705016627
404,11.2036763614163,125.522364011357,0.000434893232851135,0.969742085776061,0.0511511562444635,1.00458650891197
405,11.1525252051718,124.378818451992,0.000430931227919648,0.97017301700398,0.00702720585515415,1.0006304972515
406,11.1454979993166,124.222125652771,0.000430388339498494,0.970603405343479,0.0575554242414285,1.00519081189785
407,11.0879425750752,122.942470548166,0.000425954760273312,0.971029360103752,0.0234572190314211,1.00212004610035
408,11.0644853560438,122.422836194107,0.000424154400107084,0.971453514503859,0.0139945245576403,1.00126641655751
409,11.0504908314861,122.113347616759,0.000423082125146415,0.971876596629005,0.0474787764114009,1.00431507083458
410,11.0030120550747,121.06627428412,0.000419454364386408,0.972296050993392,0.0375460957264835,1.00342403103212
411,10.9654659593483,120.241443705626,0.000416596600834381,0.972712647594226,0.0231620538295054,1.00211674378901
412,10.9423039055188,119.734014760731,0.000414838528350441,0.973127486122577,0.0203193050533823,1.00186040411122
413,10.9219846004654,119.289747612803,0.00041329929048049,0.973540785413057,0.0320035639056844,1.00293880804735
414,10.8899810365597,118.59168697663,0.000410880742605117,0.973951666155662,0.0277941695981934,1.00255880053792
415,10.8621868669615,117.987103532791,0.000408786062103437,0.974360452217766,0.0378756828825608,1.00349913100598
416,10.8243111840789,117.165712609776,0.000405940215813353,0.974766392433579,0.00750252738606427,1.00069359897398
417,10.8168086566929,117.003349515506,0.000405377681706231,0.975171770115285,0.072074293130278,1.00670787110147
418,10.7447343635626,115.449316543523,0.00039999347444989,0.975571763589735,0.0365751268725276,1.00341563158187
419,10.7081592366901,114.664674238311,0.000397274949895058,0.97596903853963,0.045375811324682,1.00425553155443
420,10.6627834253654,113.694950376247,0.000393915179318177,0.976362953718948,0.0273337359567964,1.00257005925984
421,10.6354496894086,113.112790095941,0.000391898187618462,0.976754851906567,0.053885863544556,1.00509242909945
422,10.581563825864,111.969493000834,0.000387937043532971,0.9771427889501,0.0324833084173974,1.00307925495153
423,10.5490805174466,111.283099763572,0.000385558919313345,0.977528347869413,0.0243900299787541,1.00231741066474
424,10.5246904874679,110.769109856997,0.000383778115279865,0.977912125984693,0.0313755453301638,1.00299005085649
425,10.4933149421377,110.109658474891,0.00038149333562541,0.978293619320319,0.0132020623529563,1.00125972520567
426,10.4801128797848,109.83276597303,0.00038053399522233,0.978674153315541,0.052465894098976,1.00503142215794
427,10.4276469856858,108.735821658082,0.000376733448099567,0.97905088676364,0.0404180177922466,1.00389112610468
428,10.3872289678935,107.894525631447,0.000373818637247414,0.979424705400888,0.0503753762278887,1.0048733761953
429,10.3368535916657,106.850542175531,0.000370201581882323,0.97979490698277,0.0357757805366141,1.00347301332856
430,10.301077811129,106.112204070935,0.000367643485978266,0.980162550468748,0.0784313659240077,1.00767231522135
431,10.222646445205,104.502500343663,0.000362066398075249,0.980524616866824,0.0351724553788326,1.00345251977222
432,10.1874739898262,103.784626293385,0.000359579203311478,0.980884196070135,0.0122772594658311,1.00120658693794
433,10.1751967303604,103.534628501536,0.000358713044131326,0.981242909114266,0.0424981460097484,1.00419415870866
434,10.1326985843506,102.671580601301,0.000355722870273505,0.98159863198454,0.0121432473840297,1.00119985978829
435,10.1205553369666,102.425640328603,0.000354870769047365,0.981953502753587,0.0804164058723487,1.00800949134511
436,10.0401389310942,100.804389755674,0.000349253675165522,0.982302756428753,0.032968107669916,1.00329444837623
437,10.0071708234243,100.143467889195,0.000346963800771911,0.982649720229525,0.0172264984011665,1.00172438382444
438,9.98994432502316,99.7989876170624,0.000345770291229757,0.982995490520755,0.0298565360102963,1.00299761775626
439,9.96008778901286,99.2033487648431,0.000343706600762376,0.983339197121517,0.0459761486033958,1.00463744511571
440,9.91411164040946,98.2896096185025,0.00034054079860063,0.983679737920117,0.0609301009245851,1.00618379968748
441,9.85318153948488,97.0851864500456,0.000336367873006242,0.984016105793124,0.0683680417693111,1.00698715839451
442,9.78481349771557,95.7425751850768,0.000331716171629491,0.984347821964753,0.0541960273163209,1.00556963907801
443,9.73061747039925,94.684916355239,0.000328051735643247,0.984675873700396,0.0294566075835903,1.00303640028241
444,9.70116086281566,94.1125220862262,0.00032606857992373,0.98500194228032,0.0411851396989924,1.00426348273324
445,9.65997572311666,93.3151309712033,0.000323305884984143,0.985325248165304,0.0375156628909785,1.00389876005264
446,9.62246006022569,92.5917376106385,0.000320799567646377,0.985646047732951,0.0302374097596925,1.00315228397646
447,9.59222265046599,92.0107353761128,0.000318786588190033,0.985964834321141,0.058980291602829,1.0061868029137
448,9.53324235886316,90.8827098728229,0.000314878355089676,0.98627971267623,0.0531982646633846,1.00561160519242
449,9.48004409419978,89.8712360279721,0.000311373934711712,0.986591086610942,0.0235286078693875,1.00248808431641
450,9.45651548633039,89.4256851432065,0.00030983024912069,0.986900916860063,0.00970423346875826,1.00102724964107
451,9.44681125286163,89.2422428471932,0.000309194682592102,0.987210111542655,0.0758765803867423,1.00809701305566
452,9.37093467247489,87.8144166357921,0.000304247739775047,0.98751435928243,0.0462022735668448,1.00495480959564
453,9.32473239890805,86.9506343112454,0.000301255021381312,0.987815614303811,0.0830568210068474,1.00898720370638
454,9.2416755779012,85.4085674871755,0.000295912272846624,0.988111526576658,0.0688026809921052,1.00750066873981
455,9.1728728969091,84.1415971828495,0.000291522642234466,0.988403049218892,0.0320380941319076,1.00350494181584
456,9.14083480277719,83.5548608916627,0.000289489796179382,0.988692539015072,0.0369405673489656,1.00405766657583
457,9.10389423542822,82.8808902498632,0.000287154712120318,0.988979693727192,0.0263429644144733,1.00290199015439
458,9.07755127101375,82.4019370778833,0.000285495298716283,0.989265189025908,0.0419087024880298,1.0046381540848
459,9.03564256852572,81.642836626154,0.000282865268186573,0.989548054294095,0.0764210462425776,1.00852987573223
460,8.95922152228314,80.2676502853414,0.000278100705009013,0.989826154999104,0.0598499448156637,1.00672518776126
461,8.89937157746748,79.198814473836,0.000274397544499619,0.990100552543603,0.0504984217396647,1.00570676297998
462,8.84887315572781,78.3025561261603,0.00027129230748978,0.990371844851093,0.0306615551564793,1.00347707183104
463,8.81821160057133,77.7608558324508,0.000269415496183499,0.990641260347277,0.0462258336631098,1.00526971143039
464,8.77198576690822,76.9477342948405,0.000266598300562802,0.99090785864784,0.0913441295560311,1.01052273937482
465,8.68064163735219,75.3535392361325,0.000261074945036977,0.991168933592876,0.0498192277872036,1.00577224572852
466,8.63082240956499,74.4910954654492,0.000258086864287073,0.991427020457164,0.0210928823839929,1.0024498890839
467,8.609729527181,74.1274425312123,0.000256826927849039,0.991683847385013,0.0624267319419172,1.00730367619323
468,8.54730279523908,73.0563850735018,0.000253116070074635,0.991936963455087,0.0290557528583975,1.00341100143185
469,8.51824704238068,72.5605326750272,0.000251398106472786,0.99218836156156,0.0602068103674505,1.00711829321166
470,8.45804023201323,71.5384445663544,0.000247856911201805,0.992436218472762,0.0746472833115241,1.00890418518711
471,8.38339294870171,70.2812773323415,0.000243501244967022,0.992679719717729,0.0460648941167463,1.00552513872732
472,8.33732805458496,69.5110390897694,0.000240832625697332,0.992920552343426,0.0371047981759123,1.0044703373668
473,8.30022325640905,68.8937061062336,0.000238693772282085,0.993159246115708,0.0266254077940076,1.0032181172304
474,8.27359784861504,68.4524213606074,0.000237164867443933,0.993396410983152,0.0349147505638001,1.0042379043044
475,8.23868309805124,67.8758991901152,0.000235167409919049,0.993631578393071,0.0501070444644895,1.00611914014556
476,8.18857605358675,67.0527777853743,0.000232315568085475,0.993863893961157,0.0750230291786949,1.00924663078592
477,8.11355302440806,65.8297426798811,0.000228078158321026,0.994091972119478,0.0305856121318886,1.0037839583623
478,8.08296741227617,65.3343621879185,0.000226361829718248,0.994318333949196,0.0354484164534092,1.00440488757738
479,8.04751899582276,64.7625619881281,0.000224380732250953,0.994542714681447,0.0667009670800622,1.00835766043529
480,7.9808180287427,63.6934564079044,0.000220676637082696,0.99476339131853,0.111525724426819,1.01417226862518
481,7.86929230431588,61.9257613707651,0.00021455216185112,0.994977943480381,0.0233637551739347,1.00297781900862
482,7.84592854914194,61.5585947982406,0.000213280051825327,0.995191223532206,0.0780736121901242,1.01005085867641
483,7.76785493695182,60.3395703215267,0.000209056537555354,0.995400280069761,0.0192956087285108,1.00249021887956
484,7.74855932822331,60.0401716629964,0.000208019220806701,0.995608299290568,0.0233213956787353,1.00301885791511
485,7.72523793254457,59.6793011144255,0.000206768924409363,0.995815068214977,0.0603328035636306,1.00787130467349
486,7.66490512898094,58.7507706362783,0.000203551875203647,0.996018620090181,0.0447980288225267,1.00587892377807
487,7.62010710015841,58.0660322178847,0.00020117948438088,0.996219799574562,0.0385700484592002,1.00508736529231
488,7.58153705169921,57.479704066288,0.000199148052393697,0.996418947626956,0.0703607726922879,1.00936747722044
489,7.51117627900693,56.4177690943163,0.000195468800997534,0.996614416427953,0.04429280325063,1.00593189961976
490,7.4668834757563,55.7543488405224,0.000193170270523035,0.996807586698476,0.0718788711500853,1.00971992243322
491,7.39500460460621,54.6860931021471,0.000189469119774059,0.99699705581825,0.0694690664648379,1.00948313827749
492,7.32553553814137,53.6634709205722,0.000185926074118146,0.997182981892368,0.0551898519903036,1.00759109048906
493,7.27034568615107,52.8579263961355,0.000183135130327395,0.997366117022696,0.074661143293568,1.01037582218188
494,7.1956845428575,51.7778760403184,0.000179393115152786,0.997545510137849,0.18467973444201,1.02634140747134
495,7.01100480841549,49.1541884236251,0.000170302910402404,0.997715813048251,0.0332843467363046,1.00477008887345
496,6.97772046167919,48.6885828413364,0.000168689741956208,0.997884502790207,0.112715372718174,1.01641883309008
497,6.86500508896101,47.1282948714606,0.000163283863213065,0.99804778665342,0.0484897619805817,1.00711357044686
498,6.81651532698043,46.4648812029591,0.000160985355554413,0.998208772008975,0.072701729519042,1.01078050697404
499,6.74381359746139,45.4790218373051,0.000157569680825509,0.9983663416898,0.034809946332663,1.00518854186744
500,6.70900365112873,45.0107299908586,0.000155947205367666,0.998522288895168,0.0677199447881556,1.0101968155228
501,6.64128370634057,44.1066492681047,0.000152814866430508,0.998675103761598,0.0882120995209066,1.01346118352028
502,6.55307160681966,42.942747484106,0.000148782333952721,0.998823886095551,0.0738499656164047,1.01139796872309
503,6.47922164120326,41.9803130758366,0.000145447818908202,0.998969333914459,0.0335893935856273,1.00521118678436
504,6.44563224761763,41.5461750715283,0.000143943675151158,0.99911327758961,0.0521955179920432,1.00816392187791
505,6.39343672962559,40.8760332157255,0.000141621856561822,0.999254899446172,0.0873571960868436,1.01385285352369
506,6.30607953353874,39.7666390833162,0.000137778174963331,0.999392677621136,0.00260159546032579,1.00041272381468
507,6.30347793807842,39.7338341158413,0.0001376645166645,0.9995303421378,0.105057496516216,1.01694907557606
508,6.1984204415622,38.4204159703762,0.00013311395973494,0.999663456097535,0.390341696213409,1.06720668112945
509,5.80807874534879,33.7337787121724,0.000116876320773357,0.999780332418308,0.171868507273212,1.0304936295868
510,5.63621023807558,31.766865847788,0.000110061622045637,0.999890394040354,0.0116792424375864,1.00207648290082
511,5.624530995638,31.6353489208925,0.000109605959646647,1,NA,NA
